index,date,title,publication
1,NA,Remembering Dele Giwa,NA
2,NA,"Dele Giwa's Death: 37yrs After, Council Chairman Establishes Essay Competition",NA
3,NA,Letter bomb did not kill Dele Giwa — Saka,NA
4,NA,AFRICMIL invites young journalists to submit essays on late Dele Giwa,NA
5,NA,37 years after Giwa's death: Etsako council chairman set up secondary school essay,NA
6,NA,"Utomi, Falana to attend lecture in honour of #EndSARS, Dele Giwa",NA
7,NA,"Remembering Dele Giwa, An Icon Of Bold Investigative Journalism",NA
8,NA,Dele Giwa's Assassination: 37 Years After -By Ugochukwu Ejinkeonye,NA
9,NA,"37 Years After, Analyst Blames Babangida, Successive Govts. For Failure To Find",NA
10,NA,"Utomi, Falana to attend lecture in honour of #EndSARS, Dele Giwa",NA
11,NA,Dele Giwa: 34 Years After His Gruesome Murder!,NA
12,NA,Dele Giwa's Assassination: 35 Years After (1),NA
13,NA,Land grabbers invade 'property of Dele Giwa's doctor',NA
14,NA,'Why Dele Giwa's doctor left home after Newswatch editor's death',NA
15,NA,Dele Giwa's Assassination: 35 Years After,NA
16,NA,Dele Giwa's Assassination: 35 Years After,NA
17,NA,Dele Giwa's Assassination: 35 Years After (2),NA
18,NA,I am Dele Giwa,NA
19,NA,Sunday Igboho: Why I rejected IGP Adamu's invitation,NA
20,NA,Why I Shunned Inspector-General Of Police's Invitation - Igboho,NA
21,NA,The enduring ministry of Ray Ekpu,NA
22,NA,The journalist as a game,NA
23,NA,MIKE [email protected]: I'll do journalism again if there's a second coming,NA
24,NA,Ita-Giwa tackles ex-DIG Omeben over Dele Giwa's death,NA
25,NA,"Dele Giwa, 29 Years After",NA
26,NA,Dele Giwa's Mother Dies At 87 - As Community Demands Fresh Probe Into Dele Giwa's,NA
27,NA,Dele Giwa and the Dilemma of a Journalist,NA
28,NA,'How Govt Can Unmask Dele Giwa's Killers',NA
29,NA,Remembering Dele Giwa [opinion],NA
30,NA,I won't rest until Bakassi people are properly resettled - Ita-Giwa,NA
31,NA,Sunday Igboho declines IGP's invitation via letter,NA
32,NA,Eminent journalist Ray Ekpu at 75,NA
33,NA,Dele Giwa - 25 Years of Fruitless Search for Killers,NA
34,NA,HATS OFF TO UNCLE RAY,NA
35,NA,FG Urged to Establish Journalism School in of Honour Dele Giwa,NA
36,NA,Ray is the reason I'm in journalism,NA
37,NA,Ray is the reason I'm in Journalism - Iboro Otongaran,NA
38,NA,Prologue: A diary of wastage,NA
39,NA,"30 Years After, Dele Giwa's Pen Remains Mightier",NA
40,NA,Ray is the reason I'm in Journalism,NA
41,NA,Who 'Killed' Gen. Ibrahim Attahiru?,NA
42,NA,Prologue: A diary of wastage,NA
43,NA,Dele Giwa: Omeben is a liar –Tsav,NA
44,NA,Ugbekpe -Ekperi - Remembering Dele Giwa 29 Years After,NA
45,NA,"Return of Newswatch , Victory For Dele Giwa Ray Ekpu",NA
46,NA,"Dele Giwa: Among Marwa, Amoda and Ogunade",NA
47,NA,What a murderer said,NA
48,NA,Why I turned down IGP's secret invitation - Sunday Igboho,NA
49,NA,‘Our history is rotting away’: the newspaper archivists preserving Nigeria ’s past,NA
50,NA,"At Babangida's 80th Birthday Lecture, Panelists Address His Challenges",NA
51,NA,Kaleidoscope: an artist's rite of passage,NA
52,NA,A Rare Ray,NA
53,NA,A Rare Ray,NA
54,NA,A Rare Ray,NA
55,NA,Why I Couldn't Investigate Dele Giwa's Death--Ex-DIG,NA
56,NA,Why I Couldn't Investigate Dele Giwa's Death—Ex-DIG,NA
57,NA,A Rare Ray!,NA
58,NA,"How Dele Giwa's mum died, by daughter",NA
59,NA,A Rare Ray,NA
60,NA,A rare Ray,NA
61,NA,Journalism Is Now Cash And Carry,NA
62,NA,Boko Haram Started With Bombing of Dele Giwa - - Prof Odinkalu,NA
63,NA,Journalism Is Now Cash And Carry,NA
64,NA,A Rare Ray at 75,NA
65,NA,"NMMA honours PUNCH, others - Punch Newspapers",NA
66,NA,Ex-Police Chief Opens Up On Dele Giwa Assassination,NA
67,NA,A master-reporter on top of his game,NA
68,NA,How Nzeribe helped IBB annul Abiola's election,NA
69,NA,Journalism Is Now Cash And Carry,NA
70,NA,Who Replaces Adedayo Among Nigerian Journalists?,NA
71,NA,Dele Giwa's Death and Investigation - Why the Truth Cannot Be Told [opinion],NA
72,NA,Uncle Ray is 75,NA
73,NA,"Vanguard Reporter: Police Must Produce Killers Of Tordue Salem, Says Omo-Agege",NA
74,NA,Ex-DIG Omeben Opens Up On Stalled Dele Giwa Assassination Investigation,NA
75,NA,"NUJ Calls for End to Impunity, Crimes Against Journalists",NA
76,NA,Stanley Macebuh… 10 years in mind,NA
77,NA,The Controversial Lekki Conundrum,NA
78,NA,My good friend Ojeagbase gone for good,NA
79,NA,Dele Giwa Assassination - Investigation Was Marred By Interferences From'high,NA
80,NA,"Ihedioha Breaks Silence, Says God Will Render Ultimate Judgment",NA
81,NA,Did Investigative Journalism Die With Dele Giwa? [analysis],NA
82,NA,Ex-DIG - Dele Giwa's Assassination Was Marred By Interference From 'High Places',NA
83,NA,"Ohanaeze, Afenifere, Uwazuruike mourn Tony Momoh",NA
84,NA,My journalism journey,NA
85,NA,"Buhari, Solve Dele Giwa's Murder!",NA
86,NA,'How Dele Giwa's Murder Led to Mother's Slow Death',NA
87,NA,Chuks Iloegbunam: Restless But Peaceful Soul,NA
88,NA,My journalism journey,NA
89,NA,'Insurgency started with Dele Giwa's bombing',NA
90,NA,My Journalism Journey,NA
91,NA,"Dele Giwa's murder suspect was allowed to escape from Nigeria , say ex-DIG who",NA
92,NA,Nigerian journalists and the military coup in Niger,NA
93,NA,Dimgba Igwe's Journalism Masterpiece,NA
94,NA,"No matter where Buhari runs, Twitter is going to chase him, says Dr. Patrick Cole",NA
95,NA,Whitewashing impunity and iniquity,NA
96,NA,"No matter where Buhari runs, Twitter is going to chase him, says Dr. Patrick Cole",NA
97,NA,GandDollar Gate: Beyond Ja'afar's video,NA
98,NA,"Pupils learn about journalism, others on career day",NA
99,NA,Gideon Orkar: The man who saw tomorrow,NA
100,NA,PETER ENAHORO (Peter Pan) TO THE RESCUE!,NA
101,NA,Stanley Macebuh: Unforgettable pathfinder of modern Nigerian journalism,NA
102,NA,"Giwa, Death, and Journalism",NA
103,NA,"Giwa, Death, and Journalism",NA
104,NA,Nyaknno Abasi Osso: The search engine before Google,NA
105,NA,Murder in the Consulate,NA
106,NA,Chronicles of an uncommon journalist,NA
107,NA,"Giwa, Death, and Journalism",NA
108,NA,#EndSARS Protests: FG Asked To Probe TV Reporter's Death,NA
109,NA,"Giwa, Death, and Journalism",NA
110,NA,'How journalism became love of my life',NA
111,NA,"Giwa, Death, and Journalism",NA
112,NA,"Giwa, Death, and Journalism",NA
113,NA,Protecting the battered rights of murder victims,NA
114,NA,"Giwa, Death, and Journalism",NA
115,NA,"Giwa, Death, and Journalism",NA
116,NA,70 years of Ojeagbaseism,NA
117,NA,Dele Giwa - Facts And Hearsay Evidence [opinion],NA
118,NA,70 years of Ojeagbaseism,NA
119,NA,Reviewing parallax view of heroism,NA
120,NA,Loud Whispers with Joseph Edgar,NA
121,NA,Dele Giwa - Still No Clue Yet On Killers [analysis],NA
122,NA,So Long A Reading Session For Ray Ekpu,NA
123,NA,"25 Years After, Dele Giwa Rests On, As His Killers Remain Restless [analysis]",NA
124,NA,Agent From Abuja : An Unending Nigerian Story,NA
125,NA,Dele Giwa's Assassination - the Verdict of History,NA
126,NA,Agent From Abuja : An Unending Nigerian Story,NA
127,NA,"Media Trust Chairman, Others Get Newswatch Awards",NA
128,NA,Tompolo and the Niger Delta oil thieves,NA
129,NA,Between church and World Cup finals,NA
130,NA,Imo guber: I didn't expect my application for review would be rejected - Ihedioha,NA
131,NA,Journalist With A Heart: Nkanga Gets Reward For Courage,NA
132,NA,Nollywood As Compass to National Questions,NA
133,NA,"Controversial and multiple award-winning journalist, Sam Omatseye, tells his",NA
134,NA,"Human Rights Yesterday, Today and Tomorrow",NA
135,NA,Tackling impunity for crimes against journalists,NA
136,NA,"Zik's death story which turned out to be false, taught me a profound lesson -",NA
137,NA,Obi And His Obedient Tyrants,NA
138,NA,"Press Freedom - Report Indicts Govt, Govs, Senators As Greatest Violators",NA
139,NA,Shekarau Urges Journalists to Expose Bad Leaders,NA
140,NA,A peep into history (III),NA
141,NA,"Supreme Court Judgment Portends Grave Implications For Judiciary, Democracy,",NA
142,NA,"Press Freedom: Report indicts FG, govs, NASS, others",NA
143,NA,Imo : God'll Judge Supreme Court Justices –Ihedioha,NA
144,NA,The road to the Sabres,NA
145,NA,The Nation flies highest with 10 prizes at NMMA,NA
146,NA,"Ethical Dilemma, Journalism Practice and Remedies -By Taiwo Hassan",NA
147,NA,Favoured by Benevolent Gods…,NA
148,NA,"Dele Giwa's Murder - Omeben Lied, I Gave Statements to Police Twice - Soyinka",NA
149,NA,A peep into history - 3,NA
150,NA,"My Mother Was In Labour For Eight Days, I Came Out Presumed Dead -Onayiga",NA
151,NA,"Why I sought review of Supreme Court judgement, by Ihedioha",NA
152,NA,Quadruple Heritage: The Drama of Post-Colonial Nigeria !,NA
153,NA,"Duro Onabule: A library burns down, by Femi Adesina",NA
154,NA,"Remembering Nigeria 's journalism pathfinder, Stanley Macebuh",NA
155,NA,Duro Onabule: A library burns down,NA
156,NA,Gen. Babangida On The Marble,NA
157,NA,Of reign of gangsters and fraudsters,NA
158,NA,ODUKOMAIYA: The man who gave me my first newspaper job,NA
159,NA,"Celebrating Dele Momodu, my star reporter",NA
160,NA,Dotun Oyelade Reporting...(Memoirs Of A Newshound),NA
161,NA,A Nation On The Precipice,NA
162,NA,A Nation Astray,NA
163,NA,Remarkable Historical Occurrences And Events In Nigerian History Made In August,NA
164,NA,Taking the power of the air,NA
165,NA,I was happy Soyinka got angry Concord interviewed ex-wife — Awoyinfa,NA
166,NA,Wayas' waltz across history's stage,NA
167,NA,"29 Years After, IBB Opens Up on What Killed Dele Giwa & 159 Officers on Crashed",NA
168,NA,Wayas' Waltz Across History's Stage,NA
169,NA,A Return To A Season Of Anomie print,NA
170,NA,God will Judge Supreme Court Justices - Ihedioha,NA
171,NA,"Dahiru Lawal On Yushau Shuaib: Less Sense, More Nonsense",NA
172,NA,Abubakar Tsav - When the Times Were Tough [opinion],NA
173,NA,We'll reopen Dele Giwa's case - Sowore,NA
174,NA,I Will Temper With Press Freedom,NA
175,NA,Mike Adenuga buys Masekela's trumpet,NA
176,NA,The Nation stars at NMMA,NA
177,NA,"Noble Birth, Troubled Adulthood",NA
178,NA,Nigeria Kills Them All (For Precious Owolabi),NA
179,NA,Why IBB Should Not Be Celebrated - By Festus Afofun,NA
180,NA,"The journalist, still an endangered species",NA
181,NA,Osinachi: Questions begging for answers -2,NA
182,NA,Former Nigerian dictator seeks to block possible probe into journalist's slaying,NA
183,NA,"The Journalist, Still An Endangered Specie!",NA
184,NA,The editors' editor,NA
185,NA,"Tony Momoh: Each Man, His Time",NA
186,NA,Unbalanced chequered checks: Judiciary fumbles,NA
187,NA,27 Yrs After Parcel Bomb - I Could Have Been Killed Like Dele Giwa - Kayode Soyinka,NA
188,NA,I started doubting Buhari's smartness after our 1984 encounter – Oyelade,NA
189,NA,Murdered Journalist: Union Demands Justice,NA
190,NA,Magazine Disavows Lawyer's Move Against Security Chiefs,NA
191,NA,Tinubu's ministerial gyrations fail to inspire,NA
192,NA,"Omatsola's Rhythmic eyes, watching and telling",NA
193,NA,Only restructuring can save Nigeria –Eze Ogbonnaya,NA
194,NA,"Omatsola's Rhythmic Eyes, Watching and Telling [book review]",NA
195,NA,Kingsley Osadolor: Quintessential Media Man Teacher-to-be,NA
196,NA,"Fact-Checking Technology, Key To Combating Fake News – Olupohunda",NA
197,NA,Uneven Steps: Journey of nightmares,NA
198,NA,"EBONY, and Ebonygate revisited",NA
199,NA,Why Nigerian government should kill NBC,NA
200,NA,Tony Momoh: A Statesman,NA
201,NA,"We need selfless, incorruptible leaders ―Cleric",NA
202,NA,50 Moon years and Soyinka,NA
203,NA,The black monk (3),NA
204,NA,My Journey: A Personal Story by Kingsley Moghalu,NA
205,NA,"OF KARMA, CAMA, THE CHURCH, AND MUSHROOMING CHURCHES (1)",NA
206,NA,"New book blames Odili for political violence in Rivers, Amaechi, Wike for profiting",NA
207,NA,"NUJ demands arrest, prosecution of killers of Bayelsa journalist",NA
208,NA,NIGERIA SEEKS THE SLAYERS OF AN EDITOR,NA
209,NA,Review: Biodun Olumuyiwa's 'In a Journey of Dreams' is both timely and timeless,NA
210,NA,Why I Ventured Into Movie Production -Foluso Lala,NA
211,NA,RIGHTS- NIGERIA : PROBING 15 YEARS OF ABUSES UNDER THE MILITARY,NA
212,NA,"NUJ demands arrest, prosecution of killers of Bayelsa journalist",NA
213,NA,"OPINION: AT 78, IBB MAINTAINS HIS IMPORTANT BEATS, BUT",NA
214,NA,"At 78, IBB maintains his important beats, but…",NA
215,NA,"At 78, IBB Maintains His Essential Beats, But…",NA
216,NA,Blame Obasanjo For Bad Leadership In Nigeria Osoba,NA
217,NA,"Ife prepared me for journalism, even though, I read Psychology -Lanre Arogundade",NA
218,NA,Killing of Journalists Now Game [opinion],NA
219,NA,Echoes of parcel bomb,NA
220,NA,Another Roots for IBB,NA
221,NA,The conscience of a nation,NA
222,NA,Six Things June 12 Taught Me,NA
223,NA,THE UNFORGETTABLE MEE 20 YEARS GONE,NA
224,NA,Uwaila Omozuwa: Rape And Murder So Gruesome!,NA
225,NA,I like doing house chores to encourage my sons –Bolaji Abdullahi,NA
226,NA,Only idiots make cases for terrorist-herdsmen -General Togun,NA
227,NA,"Uwaila Omozuwa: Rape, Murder So Gruesome!",NA
228,NA,NIGERIA : INTERNATIONAL JURY TO PROBE INTO MURDER CASE,NA
229,NA,The myth of cars in a holy well,NA
230,NA,The Myth of Cars in a Holy Well,NA
231,NA,#EndSARS: My father would be proud of Nigerian youths - Dele Giwa's daughter,NA
232,NA,June 12: Flashbacks and current realities,NA
233,NA,June 12: Flashbacks and current realities,NA
234,NA,"I Was a Security Guard Before I Became a Lawyer, SAN",NA
235,NA,NGE Mourns Slain Journalist,NA
236,NA,Understanding Hazards of The Country's Journalism [analysis],NA
237,NA,"Makinde, Adeolu Akande, Ogunwuyi, Fatia Buhari, Others Make 2021 Oyo 100 Most",NA
238,NA,War against everybody,NA
239,NA,The SSS Provocateur and Ken Saro-Wiwa (II) [opinion],NA
240,NA,"Gani: Ten Years On, Still The Finest",NA
241,NA,"ANA commend Buhari on June 12, Abiola",NA
242,NA,Babangida: The Prince At 78,NA
243,NA,NUJ Wants IG to Revisit Alleged Journalists' Killings in Lagos,NA
244,NA,Akinnola Doles Out N.25 Million to Wives of Dead Journalists,NA
245,NA,PARCEL BOMB KILLS NIGERIAN JOURNALIST ACCUSED OF PLOTTING,NA
246,NA,Derek Ingram (1925-2018),NA
247,NA,Derek Ingram: A tribute,NA
248,NA,Will the deceased get justice?,NA
249,NA,Will the deceased get justice?,NA
250,NA,Ex- Daily Times MD Dies in Road Crash,NA
251,NA,A President in Need of Disciples [opinion],NA
252,NA,NUJ Abuja Protest Over Murdered Journalists,NA
253,NA,Babangida And the Bypass to Nowhere [column],NA
254,NA,"Repent of your corrupt antecedents, Clergy urges IBB",NA
255,NA,POLITICS- NIGERIA : TALES OF MILITARY ABUSES RECOUNTED BY VICTIMS,NA
256,NA,Nigeria @60 : New colours of crime,NA
257,NA,The greatest lesson I learnt in my 60-year journey: Toyin Onanuga,NA
258,NA,NIGERIAN MILITARY RULERS BLAMED FOR MURDERS,NA
259,NA,"For Awoyinfa, My Boss, Teacher At 60 [opinion]",NA
260,NA,2011 - Anti Babangida Coalition Sets to Mobilise Opposition,NA
261,NA,LOOKING FORWARD,NA
262,NA,Will David Ugolor Get Justice?,NA
263,NA,"23 Years After, IBB Opens up On Crashed Hercules C-130",NA
264,NA,Nigeria ranks 13th among 14 nations on Impunity Index,NA
265,NA,"Wake Up, Nigeria Is Dying - a Reply to My Fulani Friends (I) [opinion]",NA
266,NA,Find the Killers [editorial],NA
267,NA,Find the Killers or ... [editorial],NA
268,NA,Ulli Beier's 'madman' at Aro psychiatric hospital,NA
269,NA,Gaddafi's Madness And the Senate President Who Saw Tomorrow [analysis],NA
270,NA,INTERNATIONAL DAY TO END IMPUNITY FOR CRIMES AGAINST JOURNALISTS,NA
271,NA,Khashoggi's murder,NA
272,NA,"Poor Leadership, Bane of Our Development - Eminent Nigerians",NA
273,NA,Crusaders for Coops & Rural Dev.,NA
274,NA,Press freedom under attack,NA
275,NA,Rawlings Must Vomit Abacha's Blood Money,NA
276,NA,Nigerian Nobel Prize Winner Calls for Justice in Journalist's Murder,NA
277,NA,"Onukaba, Former Daily Times MD Dead",NA
278,NA,"Former Daily Times MD, Onukaba Adinoyi-Ojo murdered",NA
279,NA,"Clowns, the Tortoise And Babangida's Quest [column]",NA
280,NA,Untold Stories of Nigerian Media,NA
281,NA,The SSS Provocateur and Ken Saro-Wiwa [opinion],NA
282,NA,Enduring legacies of Orlando Owoh,NA
283,NA,Bloody year for global media,NA
284,NA,Nothing like Notting Hill Carnival,NA
285,NA,"Of Mines, Miners and Minefields [column]",NA
286,NA,We live in dangerous times in Nigeria –Awoyinfa,NA
287,NA,"Boko Haram Will Soon Be History, Says Borno Deputy Governor",NA
288,NA,Live Updates: Governorship/Assembly Elections 2023,NA
289,NA,Live Updates: Governorship/Assembly Elections 2023,NA
290,NA,Top military arrests stun Nigerians,NA
291,NA,The first citizen of journalism Dele Olojede regards politics as a blood sport,NA
292,NA,"Confab: Ighure, Dokpesi make case for journalists",NA
293,NA,Where is Aliyu Isma'ila Gwarzo?,NA
294,NA,Nigeria enforces press clampdown,NA
295,NA,Omisore's thoughtful thoughts,NA
296,NA,Nigeria : Time for action,NA
297,NA,At NIJ Convocation - Dokpesi Sues for Professionalism in Media,NA
298,NA,"National Conference - Ighure, Dokpesi Make Case for Journalists' Protection, Welfare",NA
299,NA,Shoddy investigation of violent deaths,NA
300,NA,Journalists at the Mercy of Gunmen [analysis],NA
301,NA,"Nigeria : Lagos journalist gunned down at home, 2 others killed in religious violence",NA
302,NA,"Nigeria : Lagos journalist gunned down at home, 2 others killed in religious violence",NA
303,NA,Ex- Daily Times MD Adinoyi-Ojo is dead,NA
304,NA,Nigeria : 3 journalists killed in weekend violence,NA
305,NA,Police - an Institution and Its Challenges,NA
306,NA,UNFORGETTABLE DIMGBA IGWE @ 60,NA
307,NA,Nigeria : 3 journalists killed in weekend violence,NA
308,NA,Onukaba Adinoyi-Ojo (1960-2017),NA
309,NA,Dimgba Igwe: Passage of the veteran,NA
310,NA,Lingering Effects of Nation's Terror Status [analysis],NA
311,NA,Democracy and Freedom of the Press [opinion],NA
312,NA,The dollar is dearer than your life!,NA
313,NA,Omisore’s thoughtful thoughts,NA
314,NA,Journalists - An Endangered Species [analysis],NA
315,NA,50th Award - Robbing Peter to Pay Paul [opinion],NA
316,NA,Why I Endorse Adams Oshiomhole [column],NA
317,NA,Who Benefits When Citizens Bomb Citizens? [opinion],NA
318,NA,Dimgba Igwe: Passage Of The Veteran,NA
319,NA,Nigeria journalists become target of radical sect,NA
320,NA,Nigeria journalists become target of radical sect,NA
321,NA,Chronicling Ordeal of Journalists [analysis],NA
322,NA,Al-Mustapha's acquittal,NA
323,NA,"Journalists in Nigeria , long threatened, become target of radical Islamist sect",NA
324,NA,Tribute for Kunle Ajibade,NA
325,NA,"'If I step foot in Nigeria , I'm going to die' – David Hundeyin",NA
326,NA,Seye Kehinde - the Rising Tale of a Magazine Mogul!,NA
327,NA,Journalists in the Throes of Insecurity [analysis],NA
328,NA,Bankole's Diabolical Sense of Humour [opinion],NA
329,NA,Revisiting power abuse in Nigeria,NA
330,NA,Killing of Journalists [editorial],NA
331,NA,Another Journalist Felled Amidst Insecurity,NA
332,NA,Journalism Under Attack [analysis],NA
333,NA,Laspotech Students' Initiative Towards Community Development,NA
334,NA,Five Books for Media Persons [opinion],NA
335,NA,Vignettes of Nigerian History [opinion],NA
336,NA,Why Journalists Should Be Suspicious of Politicians -Momoh,NA
337,NA,Nigeria ; a museum of unanswered questions,NA
338,NA,THE PAST OF TWO GREAT NIGERIAN GENERALS,NA
339,NA,A lifetime of gratitude,NA
340,NA,When a 'Senior Advocate of the Media' Departed,NA
341,NA,Master of coup on receiving end of armed challenge for power: Nigerian rebellion,NA
342,NA,A toast to Reuben Abati at 50 by Toni Kan,NA
343,NA,'Writer's block is an illusion',NA
344,NA,Southern Kaduna massacres on my mind,NA
345,NA,The journalist as endangered specie,NA
346,NA,"Boko Haram Names Buhari, Five Others As Mediators - *FG Welcomes Move, Buhari",NA
347,NA,Soyinka's Demonisation of Jonathan,NA
348,NA,"Budget Impasse, Executive Excesses - National Assembly to Blame",NA
349,NA,Dimgba Igwe: Nigeria and the hit-and-run syndrome,NA
350,NA,SPECIAL FEATURE: Khashoggi's killing renews calls for journalists' safety in Nigeria,NA
351,NA,Khashoggi's killing renews calls for journalists' safety in Nigeria,NA
352,NA,The Media and 2011 [column],NA
353,NA,GANI FAWEHINMI Lawyer and activist who fought for human rights in Nigeria,NA
354,NA,Guns Against the Journalist [opinion],NA
355,NA,Khashoggi's murder sparks calls for safety of journalists,NA
356,NA,Al-Mustapha and a Defective Justice System [opinion],NA
357,NA,How Dimgba Igwe and I broke barriers to write 50 World Editors –Mike Awoyinfa,NA
358,NA,Soyinka's Demonisation of Jonathan,NA
359,NA,"Insecurity - I Live in Constant Fear of the Next Attack - Nma, Father of Two [analysis]",NA
360,NA,Ode to teachers,NA
361,NA,Enenche Akogwu - A Case for Improved Welfare [analysis],NA
362,NA,"NIGERIA : STIFFER SANCTIONS WILL NOT SOLVE CRISIS, SAY OBSERVERS",NA
363,NA,The Case of Buhari's Alleged Plagiarism [column],NA
364,NA,Ninth Daily Trust Dialogue - Politics and the Media in Africa [column],NA
365,NA,The Human Person And the Evil Within (2) [analysis],NA
366,NA,Ade Abolurin - Good Citizen of the Federal Republic (GCFR) [opinion],NA
367,NA,"Sustaining Political Re-Branding, Media Profiling [analysis]",NA
368,NA,Newswatch - Sad End to a Great News Magazine [column],NA
369,NA,How to Go to Aba [column],NA
370,NA,Nigerian Press Under Fire From Military Leaders,NA
371,NA,Soyinka's demonization of Jonathan,NA
372,NA,Access to Information and Transparency,NA
373,NA,Review: Fiction: Out of the shadows: A passionate first novel that emerges victorious,NA
374,NA,Abuja Bomb Blasts And 2011 Elections [analysis],NA
375,NA,Onukaba: 'I am the hope of my people',NA
376,NA,NIGERIA 'S PANEL ENCOUNTERED UNREPENTANT MILITARY CHIEFS. MANY FAILED TO,NA
377,NA,Learning African Politics Through Chinua Achebe (IV) [opinion],NA
378,NA,As Onukaba Adinoyi-Ojo Foundation is launched...,NA
379,NA,Re - Babangida's Age And Agenda [opinion],NA
380,NA,Yemi Ogunbiyi - Consolidating Scholarship,NA
381,NA,2012 in Retrospect - Any Respite From Bombings in 2013?,NA
382,NA,Harvest of awards for The Nation at NMMA,NA
383,NA,"Sanwo-Olu: Fragile, handle with care!",NA
384,NA,How to end the bully culture in America,NA
385,NA,Jitters As MEND Threatens Another Blast,NA
386,NA,The Problem With Desperados [opinion],NA
387,NA,Nigeria 's Persecuted Press Fights Back Underground,NA
388,NA,"21st Century Media - New Frontiers, New Barriers",NA
389,NA,Babangida's Age And Agenda [column],NA
390,NA,The world of Achebe: Illustrissimo of African Literature (1),NA
391,NA,"Jimoh Ibrahim Cheated Us, Says Ekpu",NA
392,NA,Before the Next Terror Victims [opinion],NA
393,NA,"Free Speech, Reputation And National Security [column]",NA
394,NA,"Between IBB And His Mentor, the Hannibal [analysis]",NA
395,NA,The Second Coming of Babangida [analysis],NA
396,NA,Unmasking Adenuga [opinion],NA
397,NA,It's Unfortunate We Have Recycled Leadership in Power - Ajakaye [interview],NA
398,NA,My Dark Days With Anyim - Sen Ita-Giwa [interview],NA
399,NA,A Life in Justice [analysis],NA
400,NA,'Our writers are the best in the land',NA
401,NA,Going to meet Pa Michael Imoudu,NA
402,NA,Going to meet Pa Michael Imoudu,NA
403,NA,The Return of the Parcel Bomb [column],NA
404,NA,Florence - a Woman of Substance,NA
405,NA,Journalists At the Mercy of Gunmen,NA
406,NA,An Illustrious Wordsmith At 70,NA
407,NA,Dele Giwa - IPC Calls for Justice,NA
408,NA,Another Journalist Murdered [analysis],NA
409,NA,77 Hearty Cheers for Kongi,NA
410,NA,The Legal Challenge of Insurgency [analysis],NA
411,NA,"Dele Momodu Visits His Father's Rented House In Ile-Ife (Video, Pics)",NA
412,NA,Buhari and transforming Nigeria 's military,NA
413,NA,IPC boss Lanre Arogundade released after arrest by DSS at Airport,NA
414,NA,"Media Tasked On Accountability, Good Governance",NA
415,NA,Walking Through a Minefield At Midnight (2) [analysis],NA
416,NA,Dr. Paulyn Walley-Daniels Ghanaian lady who became Nigeria 's first female sports,NA
417,NA,Something Happened!,NA
418,NA,Dimgba Igwe: A life formed by the written word,NA
419,NA,The Transfiguration of General Buhari [ column],NA
420,NA,I cannot guarantee that I would remain single for the rest of my life Florence Ita-,NA
421,NA,Odukomaiya @ 80 - 'Why Abiola Fought Everything Awolowo Stood For' [interview],NA
422,NA,"How to Make Our Constitution a People's Constitution - Editors, Others [analysis]",NA
423,NA,Soyinka At 76 - The Making of Kongi [analysis],NA
424,NA,2011 Presidency - IBB and His Presidential Burden [column],NA
425,NA,Why I wrote a book on former President Jonathan - Bolaji Abdullahi,NA
426,NA,BOOKS OF Revelation,NA
427,NA,Ex-police chief: Dele Giwa's murder probe marred by interferences from 'high,NA
428,NA,Victory At Dawn - a Night of Horror Recalled [opinion],NA
429,NA,Insecurity in Nigeria - The Legal Challenge [document],NA
430,NA,Judiciary Should Point Out Proactively the Debris Called Laws to Interpret And,NA
431,NA,Leadership and the Burden of History [opinion],NA
432,NA,"Unresolved Cases of Extra-Judicial Killings - So Far, So Bad - Mohammed Bello Adoke,",NA
433,NA,Utomi - Countries That Have Made Progress Did So Because Leaders Inspired,NA
434,NA,A Part of Us Died When Newswatch Was Sold to Jimoh Ibrahim - Ray Ekpu [interview],NA
435,NA,A Night of Horror Recalled [analysis],NA
436,NA,Why I abandoned CBN job for journalism–Ugochukwu,NA
437,NA,"All the deities in my domain are now dead –Eze Ogbonnaya, Abia State",NA
438,NA,How Secure is the Nation? [analysis],NA
439,NA,Dwindling Sales - a Looming Media Challenge [analysis],NA
440,NA,Constitution Amendment - What the People Want [analysis],NA
441,NA,Kingsley Moghalu - Watching Failure of Recycled Politicians Pushed Me to Run for,NA
442,NA,"We Don't Have a God in PDP Anymore - Mohammed, Newswatch Co-Founder",NA
443,NA,Men who control Nigeria,NA
444,NA,Men who control Nigeria,NA
445,NA,A Northern Candidate Against All Odds,NA
446,NA,"The Sun is not partisan, but on the side of Nigerians –Eric Osagie, MD /EIC, The Sun",NA
447,NA,Weak Laws Make Judges Give Semblance of Justice to Rotten Cases - Eyo [interview],NA
448,NA,Kukah's bombshell! I can marry if I wish,NA
449,NA,Nigerian ex-ruler lists conditions to appear before rights panel,NA
450,NA,"Volksadvocaat van Nigeria Gani Fawehinmi (1938-2009), mensenrechtenactivist",NA
451,NA,Smiling enigma may return to fore NIGERIAN POLITICS PRO-DEMOCRACY,NA
452,NA,Ein Leben im Alptraum,NA
453,NA,Child protection,NA
454,NA,PARCEL BOMB KILLS NIGERIAN JOURNALIST ACCUSED OF PLOTTING,NA
